nitrogen_level,area_ha
Low,73659.190000000119
Medium,52018.94999999999
High,10967.580000000029