ph_level,area_ha
Acidic,66655.350000000122
Neutral,63998.850000000028
Alkaline,5991.5199999999986