zinc_level,area_ha
ND,117096.90999999999
DEFICIENT,19284.320000000007
SUFFICIENT,264.49