dbSoilAnaliysis.N(L/M/H),Sum(dbSoilAnaliysis.Area)
Low,73659.190000000119
Medium,52018.94999999999
High,10967.580000000029