dbSoilAnaliysis.K(L/M/H),Sum(dbSoilAnaliysis.Area)
High,109427.68000000044
Low,14321.200000000004
Medium,12896.840000000006