dbSoilAnaliysis.P(L/M/H),Sum(dbSoilAnaliysis.Area)
Low,102607.28000000012
High,17541.080000000016
Medium,16497.359999999986